CustomerID,Country,Monetary,Frequency,CLV,AvgOrderValue
18139.0,United Kingdom,1635.06,6,210071.68850940667,272.51
17509.0,United Kingdom,6115.14,8,130945.01988422578,764.3925
14096.0,United Kingdom,31267.34,17,40991.96078305129,1839.255294117647
14911.0,EIRE,70409.91,188,24252.6271125113,374.52079787234044
15427.0,United Kingdom,1306.95,3,11994.020022741372,435.65000000000003
15009.0,United Kingdom,1116.63,3,11035.69709228543,372.21000000000004
17841.0,United Kingdom,30169.07,123,10419.642414323434,245.2769918699187
15531.0,United Kingdom,1631.75,2,9115.061798695446,815.875
13089.0,United Kingdom,23984.91,76,8442.655353012313,315.5909210526316
15993.0,United Kingdom,2268.58,6,8096.278341105216,378.09666666666664
14547.0,United Kingdom,3174.9500000000003,8,7998.352611068549,396.86875000000003
12748.0,United Kingdom,19543.81,193,6731.846927339768,101.26326424870467
14298.0,United Kingdom,16980.99,40,6180.47896893692,424.52475000000004
13471.0,United Kingdom,2174.13,4,5943.215567324571,543.5325
16790.0,United Kingdom,1485.38,6,5452.596491489216,247.56333333333336
15444.0,United Kingdom,1260.86,2,5062.333132537386,630.43
14121.0,United Kingdom,2193.2,4,4943.5304508255695,548.3
14554.0,United Kingdom,1650.55,4,4931.670603215204,412.6375
17528.0,United Kingdom,2670.91,8,4833.199673739495,333.86375
13081.0,United Kingdom,13196.03,10,4709.498094736561,1319.603
16360.0,United Kingdom,2991.26,6,4575.185525233732,498.54333333333335
14125.0,United Kingdom,2356.93,3,4453.193881700294,785.6433333333333
12856.0,United Kingdom,1919.26,6,4403.3136058851915,319.87666666666667
14156.0,EIRE,10947.68,32,4395.476356488182,342.115
12685.0,France,2237.25,6,4355.162993904311,372.875
17590.0,United Kingdom,1211.39,3,4095.7573542031646,403.7966666666667
17728.0,United Kingdom,2549.93,3,3947.153338912815,849.9766666666666
17735.0,United Kingdom,11012.05,19,3865.6356813730536,579.5815789473684
15039.0,United Kingdom,10789.72,45,3850.716145896983,239.77155555555555
12921.0,United Kingdom,10832.45,37,3813.0075109199174,292.7689189189189
16729.0,United Kingdom,6007.14,21,3783.3055563122516,286.05428571428575
15311.0,United Kingdom,10872.33,91,3734.9505451295117,119.47615384615385
14194.0,United Kingdom,8248.85,20,3486.210886999518,412.4425
14360.0,United Kingdom,1683.33,4,3432.911014173156,420.8325
13755.0,United Kingdom,1556.35,8,3332.6511199549773,194.54375
12627.0,Germany,3314.0,6,3275.2389031132893,552.3333333333334
13536.0,United Kingdom,1908.41,7,3269.2207916385273,272.63
15249.0,United Kingdom,5675.26,13,3240.686922613497,436.55846153846153
17675.0,United Kingdom,9184.03,29,3215.148683593787,316.69068965517243
15159.0,United Kingdom,9004.79,28,3213.696948893178,321.5996428571429
16759.0,United Kingdom,593.3,3,3176.12026451198,197.76666666666665
14367.0,United Kingdom,6564.88,16,3147.2107793881537,410.305
13985.0,United Kingdom,6365.72,15,3133.5805057175558,424.3813333333334
14432.0,United Kingdom,1937.72,6,3111.9661683550416,322.9533333333333
14895.0,United Kingdom,6693.09,17,3038.603693832363,393.71117647058827
17139.0,United Kingdom,6390.07,12,2996.32477290573,532.5058333333333
14769.0,United Kingdom,8202.27,8,2968.516998919713,1025.28375
15484.0,United Kingdom,1801.9,4,2968.041128304081,450.475
16379.0,United Kingdom,1705.88,4,2922.274754397814,426.47
13018.0,United Kingdom,6274.64,27,2879.152140307354,232.3940740740741
17086.0,United Kingdom,1266.3,6,2854.273486175642,211.04999999999998
13644.0,United Kingdom,1979.0900000000001,4,2825.2498923728367,494.77250000000004
12681.0,France,7774.2,21,2821.540440040227,370.2
15022.0,United Kingdom,790.32,3,2820.553252934556,263.44
14606.0,United Kingdom,8162.81,90,2811.6722080780733,90.6978888888889
13924.0,United Kingdom,1544.05,6,2794.0671741981073,257.34166666666664
15156.0,United Kingdom,714.99,3,2783.68353023725,238.33
14250.0,United Kingdom,1783.53,3,2760.8077063100454,594.51
17131.0,United Kingdom,1520.82,4,2752.030853835022,380.205
14698.0,United Kingdom,1070.06,5,2749.615439266764,214.012
13319.0,United Kingdom,7715.87,26,2746.069547472918,296.7642307692308
17813.0,United Kingdom,1221.03,5,2704.78141074904,244.206
13949.0,United Kingdom,1927.93,6,2692.3856432601356,321.32166666666666
13704.0,United Kingdom,1738.6000000000001,9,2659.219711483244,193.1777777777778
14216.0,United Kingdom,717.0600000000001,4,2632.214544552409,179.26500000000001
14056.0,United Kingdom,5792.69,23,2629.830053267742,251.85608695652172
13263.0,United Kingdom,6615.0,34,2623.1230905290245,194.55882352941177
15152.0,United Kingdom,3629.53,13,2619.7763680168246,279.1946153846154
17651.0,United Kingdom,3383.93,9,2619.070052540117,375.9922222222222
17350.0,United Kingdom,866.15,4,2587.965522386386,216.5375
17434.0,United Kingdom,1668.32,7,2582.468874978932,238.33142857142857
15358.0,United Kingdom,7154.06,22,2546.1219936046227,325.18454545454546
14936.0,Channel Islands,4793.05,7,2544.663881746023,684.7214285714286
14456.0,United Kingdom,2695.68,9,2509.7073478890084,299.52
12682.0,France,7179.77,30,2506.6664336762524,239.32566666666668
14102.0,United Kingdom,773.18,5,2483.4444626145687,154.636
15078.0,United Kingdom,6985.1,31,2479.121943802588,225.32580645161292
12567.0,France,6536.83,10,2420.313080542894,653.683
12474.0,Germany,5894.89,17,2419.720478601339,346.75823529411764
14251.0,United Kingdom,1045.26,5,2398.1157215216044,209.052
15640.0,United Kingdom,6747.13,14,2355.619232182932,481.9378571428571
15150.0,United Kingdom,4615.33,10,2353.076519613474,461.533
16764.0,United Kingdom,2547.15,13,2337.546815174696,195.9346153846154
16033.0,United Kingdom,6628.24,20,2333.1313695590406,331.412
16169.0,United Kingdom,1233.84,4,2331.222708776709,308.46
15498.0,United Kingdom,6518.02,24,2294.3340810551854,271.5841666666667
14796.0,United Kingdom,6504.16,17,2283.2000375370035,382.5976470588235
16295.0,United Kingdom,967.26,4,2259.5105370346014,241.815
12540.0,Spain,6031.14,17,2259.119071274572,354.7729411764706
13488.0,United Kingdom,6161.53,13,2255.3569322849885,473.96384615384613
16609.0,United Kingdom,4133.47,7,2231.3703860762835,590.4957142857144
12700.0,France,3561.64,4,2199.989040224127,890.41
13458.0,United Kingdom,6009.41,14,2187.21241345288,429.24357142857144
12637.0,France,4334.78,8,2167.0442011333416,541.8475
15804.0,United Kingdom,3350.18,13,2162.9620384605128,257.7061538461538
16843.0,United Kingdom,4787.87,16,2158.396966951871,299.241875
17338.0,United Kingdom,5733.83,8,2135.3031936352136,716.72875
12621.0,Germany,6051.06,18,2129.9648028864267,336.17
14191.0,United Kingdom,3617.68,13,2122.363979232886,278.2830769230769
16558.0,United Kingdom,6032.37,20,2117.584347623228,301.6185
17716.0,United Kingdom,3932.69,10,2114.1005783060555,393.269
16201.0,United Kingdom,1739.92,4,2089.1967168445212,434.98
17581.0,United Kingdom,6012.1,23,2076.4290102132386,261.39565217391305
15615.0,United Kingdom,5610.32,22,2065.3613150936385,255.01454545454544
13969.0,United Kingdom,5744.58,18,2061.622224611728,319.1433333333333
15005.0,United Kingdom,5630.26,28,2060.891681378956,201.0807142857143
16187.0,United Kingdom,4039.15,15,2051.177729665624,269.2766666666667
17865.0,United Kingdom,5329.24,18,2049.994256234276,296.06888888888886
17160.0,United Kingdom,3356.97,6,2044.0844618349672,559.495
17652.0,United Kingdom,4063.9700000000003,12,2039.5969795058495,338.6641666666667
13871.0,United Kingdom,4541.85,13,2033.2216355632652,349.37307692307695
12471.0,Germany,5742.55,26,2032.5067301086117,220.8673076923077
15089.0,United Kingdom,1867.01,6,2015.7353625444393,311.16833333333335
17416.0,United Kingdom,3937.52,6,2007.5023579047318,656.2533333333333
12449.0,Belgium,2573.64,4,2003.9998547559535,643.41
14849.0,United Kingdom,5485.28,24,2002.1193820988467,228.5533333333333
13384.0,United Kingdom,2295.26,7,1992.5260357752836,327.89428571428573
15382.0,United Kingdom,4354.02,6,1990.7555346575962,725.6700000000001
12949.0,United Kingdom,3439.04,8,1990.2979003315907,429.88
15856.0,United Kingdom,5579.67,25,1980.3127136586425,223.1868
17451.0,United Kingdom,1593.8,7,1950.1964229435146,227.68571428571428
15719.0,United Kingdom,4608.16,13,1941.1609342285278,354.4738461538461
13001.0,United Kingdom,4870.29,13,1937.2520613997754,374.6376923076923
12518.0,Germany,1654.03,5,1931.8994962943477,330.806
17340.0,United Kingdom,5059.7,10,1928.9843252443102,505.96999999999997
13004.0,United Kingdom,5139.96,17,1903.1108995441602,302.35058823529414
12757.0,Portugal,2900.15,7,1901.0704950431696,414.3071428571429
16818.0,United Kingdom,2871.55,11,1891.9759147525576,261.05
13297.0,United Kingdom,883.1,4,1891.0040826499442,220.775
12428.0,Finland,3768.98,8,1876.8862773122132,471.1225
12952.0,United Kingdom,1058.26,4,1862.530327167959,264.565
16688.0,United Kingdom,866.18,4,1854.7728641260655,216.545
16923.0,United Kingdom,5042.79,16,1845.8550692047945,315.174375
13098.0,United Kingdom,4508.71,24,1827.371605150189,187.86291666666668
14961.0,United Kingdom,4965.26,9,1822.6688965336643,551.6955555555555
12444.0,Norway,2119.61,5,1815.509529442033,423.922
14415.0,United Kingdom,5085.0,13,1814.7729136517125,391.15384615384613
17049.0,United Kingdom,3870.02,9,1814.6650658976557,430.0022222222222
16746.0,United Kingdom,4987.33,18,1804.984947364845,277.07388888888886
14132.0,United Kingdom,2550.37,11,1800.3860335660484,231.85181818181817
17811.0,United Kingdom,4609.64,39,1794.679498779401,118.19589743589745
17426.0,United Kingdom,3816.09,6,1782.870286225497,636.015
15601.0,United Kingdom,5014.77,14,1779.8208114590916,358.1978571428572
17706.0,United Kingdom,4984.6900000000005,17,1764.2712684269354,293.21705882352944
18096.0,United Kingdom,727.13,3,1762.665992591177,242.37666666666667
12451.0,Switzerland,4307.89,5,1762.6609744639147,861.5780000000001
14667.0,United Kingdom,4910.81,25,1762.3977796193146,196.43240000000003
13709.0,United Kingdom,4276.88,12,1761.1903741635438,356.4066666666667
12783.0,Portugal,1011.3000000000001,4,1755.8286032776628,252.82500000000002
13507.0,United Kingdom,1952.01,4,1753.7990594354999,488.0025
16173.0,United Kingdom,1132.47,6,1753.0021379875511,188.745
13895.0,United Kingdom,1865.1200000000001,4,1749.1217656275862,466.28000000000003
14505.0,United Kingdom,4688.19,8,1745.9023164915372,586.02375
12517.0,Germany,2198.09,4,1743.268521258033,549.5225
17758.0,United Kingdom,3130.05,8,1740.8972021225281,391.25625
18055.0,United Kingdom,4900.64,10,1734.5227785286097,490.064
12472.0,Germany,4543.17,7,1732.0599476095801,649.0242857142857
12610.0,Italy,1400.44,4,1730.0752751493565,350.11
15044.0,United Kingdom,4605.5,17,1725.1088322862745,270.9117647058824
12362.0,Belgium,3922.54,10,1720.020379888342,392.254
13994.0,United Kingdom,1939.3400000000001,6,1718.3822776252978,323.22333333333336
12766.0,Portugal,4820.8,7,1706.2643676602897,688.6857142857143
16440.0,United Kingdom,2726.67,5,1692.3729162384561,545.3340000000001
17719.0,United Kingdom,2865.12,15,1688.5742211128666,191.00799999999998
14049.0,United Kingdom,3967.64,4,1687.9483333812536,991.91
13050.0,United Kingdom,4618.63,17,1685.7933672926813,271.6841176470588
12839.0,United Kingdom,4778.67,14,1682.0852717720998,341.3335714285714
16910.0,United Kingdom,1137.51,8,1679.8472887868659,142.18875
14159.0,United Kingdom,4491.04,11,1677.344668887917,408.2763636363636
13767.0,United Kingdom,4843.16,32,1672.7063630186371,151.34875
18118.0,United Kingdom,4672.75,26,1672.2912973137854,179.72115384615384
13178.0,United Kingdom,4355.59,11,1670.459755376519,395.9627272727273
17686.0,United Kingdom,3843.58,7,1668.3149666236427,549.0828571428572
12562.0,France,2473.2200000000003,7,1663.6547896035547,353.31714285714287
12626.0,Germany,3931.71,9,1661.6583167986903,436.8566666666667
13209.0,United Kingdom,4292.46,7,1661.1238172371106,613.2085714285714
12705.0,Germany,4408.34,8,1656.0857063949472,551.0425
13988.0,United Kingdom,3028.05,6,1655.4993398405027,504.675
12539.0,Spain,4017.4,4,1654.3382580677082,1004.35
13860.0,United Kingdom,1106.93,5,1653.6954775126492,221.38600000000002
12683.0,France,4632.81,14,1644.257194953267,330.915
14418.0,United Kingdom,1341.06,3,1640.940152436083,447.02
18223.0,United Kingdom,4520.88,14,1640.7920743702327,322.92
15805.0,United Kingdom,4354.55,16,1635.8783607394432,272.159375
15105.0,United Kingdom,1489.59,7,1635.7416742736282,212.79857142857142
15136.0,United Kingdom,1189.5,4,1625.8123749114764,297.375
16700.0,United Kingdom,4519.31,13,1621.895758420986,347.6392307692308
17613.0,United Kingdom,3525.32,14,1600.4641165651599,251.80857142857144
16015.0,United Kingdom,567.6899999999999,3,1585.5766607940604,189.23
18226.0,United Kingdom,3612.61,11,1578.728980937286,328.4190909090909
13437.0,United Kingdom,2162.6,7,1578.6918355041007,308.9428571428571
15023.0,United Kingdom,4501.74,11,1575.9708357748714,409.2490909090909
14503.0,United Kingdom,2157.86,6,1575.231649015481,359.6433333333334
12749.0,United Kingdom,2571.41,5,1573.2069845404637,514.2819999999999
12714.0,France,3494.55,5,1569.8532546324882,698.9100000000001
16873.0,United Kingdom,4390.64,6,1566.964512408212,731.7733333333334
16713.0,United Kingdom,4215.22,15,1556.233766876813,281.0146666666667
14493.0,United Kingdom,1788.81,5,1552.8744011812103,357.762
16161.0,United Kingdom,4443.86,19,1551.4807156714699,233.88736842105263
17602.0,United Kingdom,3847.96,6,1535.3539451031158,641.3266666666667
12477.0,Germany,3325.9,6,1531.5769298732469,554.3166666666667
14291.0,United Kingdom,3262.5,11,1529.7969461375137,296.59090909090907
18180.0,United Kingdom,1637.38,6,1524.4185575760123,272.8966666666667
17107.0,United Kingdom,2901.23,5,1521.4227546393379,580.246
14329.0,United Kingdom,3686.37,7,1513.1724223355513,526.6242857142857
13137.0,United Kingdom,3514.29,8,1510.0809903731206,439.28625
12720.0,Germany,4297.2300000000005,25,1504.375897901001,171.88920000000002
17365.0,United Kingdom,3756.63,8,1503.582360568232,469.57875
16549.0,United Kingdom,3770.54,10,1490.5756540428217,377.054
16592.0,United Kingdom,3290.03,16,1488.385224754218,205.626875
16474.0,United Kingdom,1598.3400000000001,6,1488.071893705825,266.39000000000004
15297.0,United Kingdom,624.94,3,1486.8884754605067,208.31333333333336
16361.0,United Kingdom,716.8100000000001,4,1485.4095029799419,179.20250000000001
16931.0,United Kingdom,4214.75,21,1483.5862068737654,200.70238095238096
12433.0,Norway,4304.1,7,1482.543186817877,614.8714285714286
14527.0,United Kingdom,4230.71,54,1481.0885512315472,78.34648148148148
16945.0,United Kingdom,3881.64,19,1479.8550736686611,204.29684210526315
17243.0,United Kingdom,4194.17,23,1476.342075160743,182.35521739130436
18122.0,United Kingdom,1642.77,6,1475.959898191534,273.795
17481.0,United Kingdom,1045.16,4,1475.6223346744912,261.29
13668.0,United Kingdom,4111.85,21,1467.467847590717,195.80238095238096
17068.0,United Kingdom,4056.44,21,1463.9589217168848,193.16380952380953
13268.0,United Kingdom,2847.0,10,1463.1245267727934,284.7
15622.0,United Kingdom,2716.29,9,1454.1149019536906,301.81
15500.0,United Kingdom,837.13,4,1453.4330056974486,209.2825
14422.0,United Kingdom,3018.09,6,1452.2947155780314,503.01500000000004
14562.0,United Kingdom,3366.32,17,1436.8873912172487,198.01882352941178
13429.0,United Kingdom,724.09,4,1431.241845114847,181.0225
17015.0,United Kingdom,1747.79,3,1430.2877856947532,582.5966666666667
17725.0,United Kingdom,2791.3,11,1428.7841579172941,253.75454545454548
13882.0,United Kingdom,686.34,5,1422.2680463096963,137.268
13808.0,United Kingdom,1013.66,5,1415.5926984626356,202.732
17757.0,United Kingdom,4082.05,30,1413.6381026495192,136.06833333333333
13102.0,United Kingdom,4004.77,24,1413.5462649820035,166.86541666666668
12490.0,France,3575.13,10,1413.3258732272072,357.51300000000003
13534.0,United Kingdom,3914.98,24,1412.9063660113718,163.12416666666667
13097.0,United Kingdom,3606.48,10,1412.6790886308288,360.648
15555.0,United Kingdom,3929.0,16,1410.0445499060818,245.5625
13115.0,United Kingdom,1893.96,4,1406.5608706490555,473.49
15701.0,United Kingdom,1188.8,4,1401.2516292922992,297.2
15861.0,United Kingdom,2769.61,7,1395.4435424269084,395.65857142857146
14852.0,United Kingdom,2107.06,6,1395.4330500644023,351.1766666666667
16242.0,United Kingdom,2907.73,7,1388.7869577162205,415.39
12381.0,Norway,1253.46,5,1388.3095858076754,250.692
18272.0,United Kingdom,2637.46,6,1383.1001535386952,439.57666666666665
15194.0,United Kingdom,3937.2200000000003,15,1382.1094271652976,262.48133333333334
15547.0,United Kingdom,3813.07,13,1380.0037200763677,293.31307692307695
13159.0,United Kingdom,1141.09,4,1370.1558012001208,285.2725
15727.0,United Kingdom,3655.41,7,1369.2281134790078,522.2014285714286
12957.0,United Kingdom,3457.64,8,1346.1692501279074,432.205
12867.0,United Kingdom,3490.47,7,1342.6761511131142,498.6385714285714
16767.0,United Kingdom,2983.55,10,1340.2972279288492,298.355
15513.0,United Kingdom,3100.2200000000003,15,1336.626544482108,206.68133333333336
13269.0,United Kingdom,3829.13,15,1333.2376730894182,255.27533333333335
16265.0,United Kingdom,3687.26,9,1330.7227947879915,409.6955555555556
16779.0,United Kingdom,3774.79,22,1328.7208915938124,171.58136363636365
14808.0,United Kingdom,1374.47,7,1327.7535040930838,196.35285714285715
15529.0,United Kingdom,3539.06,11,1321.7925967870408,321.7327272727273
16670.0,United Kingdom,3472.7200000000003,11,1304.6003607507275,315.7018181818182
15296.0,United Kingdom,2795.27,6,1301.2133595852824,465.87833333333333
12597.0,Spain,2499.07,4,1289.474939139094,624.7675
14085.0,United Kingdom,3679.7,18,1288.190762771905,204.42777777777778
15974.0,United Kingdom,2496.45,7,1282.9705742402316,356.63571428571424
14868.0,United Kingdom,2306.14,8,1282.6480962613523,288.2675
14800.0,United Kingdom,3219.52,12,1280.6263603846598,268.29333333333335
17870.0,United Kingdom,1324.53,11,1279.5109014939667,120.41181818181818
16712.0,United Kingdom,2557.6,10,1268.7226443313277,255.76
14112.0,United Kingdom,2505.16,6,1267.1720472061108,417.52666666666664
16762.0,United Kingdom,1232.13,3,1266.427554037627,410.71000000000004
14004.0,United Kingdom,2422.16,7,1265.0321204491352,346.0228571428571
15676.0,United Kingdom,2618.02,3,1264.5184066533918,872.6733333333333
17315.0,United Kingdom,3500.67,36,1263.38293638921,97.24083333333334
14262.0,United Kingdom,2287.61,8,1261.4205370500345,285.95125
14755.0,United Kingdom,3172.61,11,1254.201049656759,288.4190909090909
13381.0,United Kingdom,2615.55,6,1253.8975813767631,435.925
16438.0,United Kingdom,748.6,5,1249.0876939751035,149.72
14546.0,United Kingdom,2370.54,5,1248.2204505231196,474.108
14534.0,United Kingdom,3068.16,18,1247.4546124677136,170.45333333333332
17364.0,United Kingdom,3213.19,11,1247.2176410269865,292.10818181818183
17164.0,United Kingdom,2336.2,7,1245.4514686955185,333.74285714285713
12431.0,Australia,3032.51,13,1240.8132593152484,233.27
16133.0,United Kingdom,3040.37,29,1240.080038989579,104.84034482758621
18225.0,United Kingdom,3487.51,12,1237.7721965656842,290.62583333333333
14227.0,United Kingdom,2493.7200000000003,9,1237.034341813387,277.08000000000004
13285.0,United Kingdom,2566.02,4,1234.7601582681564,641.505
13654.0,United Kingdom,2208.87,6,1228.547659894375,368.145
15544.0,United Kingdom,3479.21,9,1228.0416354966792,386.5788888888889
12955.0,United Kingdom,2547.6,11,1225.8965164745227,231.6
16186.0,United Kingdom,3338.18,12,1225.3934047825792,278.1816666666667
16633.0,United Kingdom,2069.5,6,1225.2918053267713,344.9166666666667
15301.0,United Kingdom,3025.48,11,1222.3652595970354,275.0436363636364
14426.0,United Kingdom,2751.91,9,1219.1862627542962,305.7677777777778
14189.0,United Kingdom,3473.4900000000002,15,1216.0006882573534,231.566
14110.0,United Kingdom,2176.77,10,1210.6940153237983,217.677
17769.0,United Kingdom,2910.9500000000003,10,1210.3475586091483,291.095
15114.0,United Kingdom,2559.56,10,1209.010973156267,255.956
13139.0,United Kingdom,1869.92,6,1207.268258707915,311.65333333333336
13418.0,United Kingdom,3390.66,18,1206.7321211781073,188.37
13588.0,United Kingdom,2252.61,9,1205.8925112156298,250.29000000000002
16814.0,United Kingdom,3336.52,21,1204.1416171536669,158.88190476190476
12569.0,Germany,2345.09,28,1200.3824171139852,83.7532142857143
16837.0,United Kingdom,2004.05,9,1197.57831902983,222.67222222222222
13468.0,United Kingdom,3464.84,37,1196.6690992743365,93.64432432432433
13266.0,United Kingdom,2290.61,12,1196.3269253154187,190.8841666666667
17611.0,United Kingdom,3272.42,15,1187.680451595848,218.16133333333335
17159.0,United Kingdom,1394.85,3,1186.8187299335837,464.95
13408.0,United Kingdom,3436.06,42,1186.7292069049586,81.81095238095239
15399.0,United Kingdom,719.05,3,1184.3997853971082,239.6833333333333
18172.0,United Kingdom,2377.06,14,1179.1640009908608,169.79
14092.0,United Kingdom,3214.21,14,1176.5244680005994,229.58642857142857
14903.0,United Kingdom,2356.73,5,1173.610418821541,471.346
12380.0,Belgium,1505.05,4,1171.927690508559,376.2625
18145.0,United Kingdom,2716.12,4,1163.2191165139093,679.03
17920.0,United Kingdom,3338.62,17,1159.3087098734045,196.38941176470587
17377.0,United Kingdom,3135.02,20,1150.8165622768936,156.751
17238.0,United Kingdom,3303.65,17,1150.2745111035292,194.33235294117648
17091.0,United Kingdom,3271.9700000000003,9,1148.5821423242896,363.55222222222227
13198.0,United Kingdom,3139.55,6,1145.931275353024,523.2583333333333
13078.0,United Kingdom,3245.57,26,1145.5747399320412,124.8296153846154
13558.0,United Kingdom,561.11,4,1144.3036713910521,140.2775
13971.0,United Kingdom,2372.6,8,1141.6871074687756,296.575
13013.0,United Kingdom,3283.6,13,1137.1301365392294,252.58461538461538
14511.0,United Kingdom,1082.93,5,1131.1731959886897,216.586
15568.0,United Kingdom,624.79,3,1130.6014894383186,208.26333333333332
17730.0,United Kingdom,2850.88,13,1130.49269181064,219.29846153846154
13362.0,United Kingdom,2449.04,4,1127.7829051795834,612.26
12481.0,Germany,3000.2,10,1123.8023056400564,300.02
12662.0,Germany,3247.83,11,1118.711981237124,295.2572727272727
13815.0,Germany,2582.46,4,1117.1487044102387,645.615
16279.0,United Kingdom,1354.8,3,1115.7950276448105,451.59999999999997
14146.0,United Kingdom,3014.95,5,1109.9119296121373,602.99
12971.0,United Kingdom,3186.77,74,1109.578891150513,43.06445945945946
15144.0,United Kingdom,2630.76,16,1108.1925409124342,164.4225
17511.0,United Kingdom,3193.28,27,1105.851785359968,118.26962962962963
14944.0,United Kingdom,2296.58,12,1105.1065401966791,191.38166666666666
13975.0,United Kingdom,2108.58,6,1101.2573193086494,351.43
16145.0,United Kingdom,3015.15,11,1100.5254526542565,274.1045454545455
16303.0,United Kingdom,2637.92,3,1100.3851889162456,879.3066666666667
13883.0,United Kingdom,2080.33,5,1099.9166861013346,416.066
13510.0,United Kingdom,1565.02,4,1098.759477856068,391.255
13267.0,United Kingdom,3115.33,18,1096.5918780141285,173.0738888888889
15570.0,United Kingdom,3096.6800000000003,12,1096.0327626216117,258.0566666666667
13451.0,United Kingdom,2627.85,5,1092.6370538453252,525.5699999999999
13735.0,United Kingdom,1784.54,4,1091.7943043668024,446.135
16717.0,United Kingdom,2913.78,6,1091.4314652782762,485.63000000000005
12553.0,France,2729.7,10,1089.163001680884,272.96999999999997
14057.0,United Kingdom,2856.27,15,1088.9380909274396,190.418
16358.0,United Kingdom,1554.46,4,1085.4143529646178,388.615
17017.0,United Kingdom,3122.4,18,1084.2280689951895,173.46666666666667
16458.0,United Kingdom,3016.9,18,1082.7089342355966,167.60555555555555
12841.0,United Kingdom,3097.2400000000002,25,1081.33652540951,123.88960000000002
14395.0,United Kingdom,3112.46,9,1080.776484635142,345.8288888888889
13571.0,United Kingdom,2017.27,12,1075.426711863457,168.10583333333332
14704.0,United Kingdom,1343.73,7,1072.3090451321789,191.96142857142857
12615.0,France,1389.83,4,1069.2494678948906,347.4575
15521.0,United Kingdom,1787.96,7,1068.4474595407175,255.42285714285714
15443.0,United Kingdom,2650.2,7,1067.3867286064901,378.59999999999997
13999.0,United Kingdom,2916.79,12,1064.6241928419508,243.06583333333333
12476.0,Germany,2862.79,10,1063.0341704379737,286.279
14221.0,United Kingdom,2449.55,9,1059.6530474385277,272.1722222222222
15034.0,United Kingdom,2795.06,8,1059.315358557205,349.3825
13069.0,United Kingdom,3039.72,24,1058.3785924331023,126.65499999999999
17220.0,United Kingdom,2796.43,14,1056.717421951704,199.74499999999998
16327.0,United Kingdom,2912.46,6,1051.0994372266218,485.41
17419.0,United Kingdom,2900.52,12,1046.7903214686419,241.71
13842.0,United Kingdom,2516.05,9,1046.1515913494038,279.56111111111113
17690.0,United Kingdom,2788.7200000000003,15,1044.5870161271043,185.91466666666668
15356.0,United Kingdom,2728.95,10,1040.3980027225844,272.895
14178.0,United Kingdom,1407.76,7,1039.4729801331848,201.10857142857142
17442.0,United Kingdom,2050.99,6,1037.4415993785872,341.83166666666665
17428.0,United Kingdom,2671.7599999999998,19,1037.0585631693928,140.61894736842103
17469.0,United Kingdom,1522.71,5,1035.1164913973312,304.54200000000003
14688.0,United Kingdom,2949.27,20,1032.4815530940828,147.4635
17677.0,United Kingdom,2951.07,22,1030.3043290285034,134.13954545454547
13804.0,United Kingdom,2082.43,7,1029.0367756503024,297.48999999999995
16477.0,United Kingdom,2450.7200000000003,7,1022.2963509813875,350.1028571428572
16628.0,United Kingdom,1634.25,5,1019.2602918241471,326.85
16011.0,United Kingdom,2839.33,16,1018.9823853104697,177.458125
17700.0,United Kingdom,2095.79,4,1016.0982934585734,523.9475
13148.0,United Kingdom,2649.82,11,1013.2367387384287,240.89272727272729
18241.0,United Kingdom,1648.04,17,1013.1069492702948,96.9435294117647
15123.0,United Kingdom,1563.03,2,1009.1322122915592,781.515
16170.0,United Kingdom,1551.72,6,1006.8899349500799,258.62
14088.0,United Kingdom,2451.42,10,1006.2530726871739,245.142
13632.0,United Kingdom,1713.6100000000001,5,1005.3139411040407,342.72200000000004
15955.0,United Kingdom,2716.76,14,1000.1374264558517,194.05428571428573
17173.0,United Kingdom,975.72,6,994.9207626398367,162.62
17625.0,United Kingdom,1852.75,4,991.834960403602,463.1875
16686.0,United Kingdom,2376.23,7,991.2235008864751,339.4614285714286
12437.0,France,2544.42,18,990.6236518002021,141.35666666666668
16722.0,United Kingdom,2701.77,13,986.1421992994347,207.82846153846154
17231.0,United Kingdom,2685.82,10,985.9223033009443,268.582
15632.0,United Kingdom,1994.95,8,985.8083659876065,249.36875
14626.0,United Kingdom,1607.06,4,983.2107740794341,401.765
15752.0,United Kingdom,2554.85,7,982.7719947947812,364.9785714285714
13658.0,United Kingdom,1488.25,5,980.5621198065484,297.65
12347.0,Iceland,2783.37,7,977.0655224470755,397.6242857142857
12656.0,France,1647.45,5,975.4080621819712,329.49
17059.0,United Kingdom,2563.81,5,968.8147722539088,512.762
15696.0,United Kingdom,2213.71,8,967.4025517259486,276.71375
16393.0,United Kingdom,2762.94,13,967.2510764717251,212.53384615384616
17863.0,United Kingdom,2339.92,6,966.6615681329234,389.9866666666667
17644.0,United Kingdom,1954.6,11,965.8693361534754,177.6909090909091
14659.0,United Kingdom,2302.78,9,963.7134173356529,255.86444444444447
18041.0,United Kingdom,2712.54,21,962.7231446138595,129.16857142857143
14646.0,Netherlands,2642.3,25,961.7036214980412,105.69200000000001
17799.0,United Kingdom,2538.96,10,959.4244324508387,253.89600000000002
16929.0,United Kingdom,1132.6100000000001,7,957.3497669916472,161.8014285714286
16678.0,United Kingdom,2093.46,11,957.1768346457507,190.31454545454545
16626.0,United Kingdom,1977.18,16,954.9890769615793,123.57375
15708.0,United Kingdom,2444.67,7,954.6807754938662,349.23857142857145
13047.0,United Kingdom,2545.76,10,953.5800805300415,254.57600000000002
16556.0,United Kingdom,2178.0,7,951.7970997371455,311.14285714285717
16013.0,United Kingdom,829.1,6,951.0924290193649,138.18333333333334
18102.0,United Kingdom,577.25,9,950.8306461587938,64.13888888888889
17750.0,United Kingdom,1176.62,9,950.764448449214,130.73555555555555
16655.0,United Kingdom,2328.86,6,949.8754426603574,388.1433333333334
14388.0,United Kingdom,2679.76,8,948.4689267095374,334.97
16904.0,United Kingdom,2674.75,14,946.6956972700298,191.05357142857142
16871.0,United Kingdom,1829.44,6,943.9579654265882,304.9066666666667
15594.0,United Kingdom,1608.9,5,943.8843143085597,321.78000000000003
17593.0,United Kingdom,2564.06,5,941.2261212597343,512.812
14390.0,United Kingdom,2659.05,9,941.1388704835492,295.45000000000005
13599.0,United Kingdom,2679.12,21,940.4699276411001,127.57714285714285
17088.0,United Kingdom,1651.6100000000001,4,938.9293106480714,412.90250000000003
14099.0,United Kingdom,2475.16,11,938.0746756371782,225.01454545454544
13880.0,United Kingdom,2519.63,13,935.6092437309868,193.8176923076923
15502.0,United Kingdom,2570.62,9,932.9716608752293,285.6244444444444
12948.0,United Kingdom,1807.76,7,932.771477380821,258.25142857142856
16813.0,United Kingdom,1426.37,10,930.2502639936729,142.637
15755.0,United Kingdom,2059.84,6,928.5867010604178,343.3066666666667
17576.0,United Kingdom,2587.1,19,928.4617600056055,136.16315789473683
16076.0,United Kingdom,1488.16,9,928.1458747933443,165.35111111111112
17667.0,United Kingdom,1668.47,5,920.0179766008504,333.694
14907.0,United Kingdom,2606.51,7,917.4879373814673,372.35857142857145
16057.0,United Kingdom,1915.8700000000001,7,915.0558231609454,273.6957142857143
15298.0,United Kingdom,2598.82,11,914.7810679512853,236.25636363636366
14211.0,United Kingdom,1722.15,9,914.3015207329182,191.35000000000002
16463.0,United Kingdom,1295.48,4,909.5225162445074,323.87
16156.0,United Kingdom,2143.19,9,908.7655973151586,238.13222222222223
12480.0,Germany,2178.14,4,908.5919949755985,544.535
12731.0,France,2418.33,10,908.4965647717945,241.833
16523.0,United Kingdom,2216.36,17,906.8688562992189,130.37411764705882
14640.0,United Kingdom,1438.6100000000001,6,906.038681696509,239.76833333333335
15687.0,United Kingdom,2265.03,9,903.7575095055328,251.67000000000002
16497.0,United Kingdom,1991.93,6,901.134391098157,331.98833333333334
15628.0,United Kingdom,2544.7400000000002,9,900.6802163458029,282.7488888888889
18109.0,United Kingdom,2563.92,26,892.7131580247786,98.6123076923077
18257.0,United Kingdom,1783.56,8,891.6377198781444,222.945
14530.0,United Kingdom,1879.76,6,891.1831060747658,313.29333333333335
16401.0,United Kingdom,2266.04,11,890.3354200430466,206.00363636363636
16369.0,United Kingdom,1236.44,3,887.4703401811536,412.1466666666667
12583.0,France,2556.08,15,885.1856497153104,170.40533333333332
15845.0,United Kingdom,2203.15,8,884.5612709539317,275.39375
14315.0,United Kingdom,1526.13,6,883.2271025149608,254.35500000000002
16942.0,United Kingdom,1479.23,9,879.8644828125281,164.35888888888888
14341.0,United Kingdom,1873.77,8,878.616896172901,234.22125
14639.0,United Kingdom,2119.57,6,878.4557749560402,353.2616666666667
15033.0,United Kingdom,2219.62,10,877.4635816690787,221.962
12828.0,United Kingdom,871.51,6,874.7747466684758,145.25166666666667
15281.0,United Kingdom,1861.0800000000002,9,869.4931807920013,206.7866666666667
12594.0,Italy,1865.22,7,865.1354867899296,266.46
14141.0,United Kingdom,688.48,4,858.7918931804667,172.12
18210.0,United Kingdom,1774.98,6,857.3253380194336,295.83
17213.0,United Kingdom,2176.2000000000003,7,855.0369548188373,310.8857142857143
14572.0,United Kingdom,2132.41,7,853.4921090177376,304.63
14735.0,United Kingdom,2345.4,26,848.833282648132,90.20769230769231
14502.0,United Kingdom,1941.82,9,848.5852360934726,215.75777777777776
15220.0,United Kingdom,1515.45,6,846.5402422450137,252.57500000000002
13196.0,United Kingdom,1650.93,4,845.0623830582159,412.7325
12680.0,France,736.97,4,837.9250962010514,184.2425
13448.0,United Kingdom,2334.08,6,837.6576184893836,389.0133333333333
18245.0,United Kingdom,2266.43,7,836.7522682713155,323.7757142857143
17183.0,United Kingdom,636.48,6,834.435011075342,106.08
16839.0,United Kingdom,2128.29,26,833.6635105538103,81.85730769230769
13527.0,United Kingdom,1906.0,7,832.9317135440766,272.2857142857143
18077.0,United Kingdom,2327.29,11,832.8942942219035,211.57181818181817
13862.0,United Kingdom,2041.96,8,832.8571313409752,255.245
17314.0,United Kingdom,1865.93,8,832.4088551549019,233.24125
12684.0,France,1332.3899999999999,6,830.9941687156648,222.06499999999997
12668.0,Germany,2223.8,4,830.5601986784687,555.95
16744.0,United Kingdom,1046.87,7,830.2551382561207,149.55285714285714
14711.0,United Kingdom,1631.79,11,828.6622946637458,148.34454545454545
14841.0,United Kingdom,1970.93,6,827.5297307429165,328.48833333333334
17562.0,United Kingdom,1029.02,7,826.2998334539318,147.00285714285715
15518.0,United Kingdom,1721.78,7,822.3547606059141,245.96857142857144
16241.0,United Kingdom,2304.71,13,820.2437245257254,177.28538461538463
12709.0,Germany,2240.45,13,817.7610567962552,172.34230769230768
12721.0,France,2061.39,6,817.427015508031,343.565
16794.0,United Kingdom,1143.05,10,815.880503028354,114.30499999999999
17001.0,United Kingdom,2278.66,11,815.4905114840361,207.15090909090907
15796.0,United Kingdom,1915.16,8,814.764225120838,239.395
15453.0,United Kingdom,1176.72,7,812.8193293185816,168.10285714285715
17975.0,United Kingdom,2224.3,13,811.8663298140599,171.10000000000002
12598.0,France,1739.01,7,809.5185955032616,248.43
13394.0,United Kingdom,1945.99,8,809.1256275710048,243.24875
17612.0,United Kingdom,1541.59,6,808.4192236825268,256.9316666666667
16283.0,United Kingdom,1277.11,5,808.2879413239422,255.42199999999997
14239.0,United Kingdom,1715.0,11,807.1147970858538,155.9090909090909
17965.0,United Kingdom,2084.05,14,806.4990917359745,148.8607142857143
15290.0,United Kingdom,2226.62,18,805.8451282553013,123.7011111111111
14702.0,United Kingdom,2280.79,17,802.8349450799253,134.16411764705882
16255.0,United Kingdom,2180.61,8,802.7612573447396,272.57625
18069.0,United Kingdom,1879.85,5,799.7423341096342,375.96999999999997
12704.0,Finland,1013.8199999999999,7,799.1109507870696,144.83142857142857
18237.0,United Kingdom,819.5699999999999,5,797.7116850852958,163.914
15867.0,United Kingdom,2255.8,15,796.2199238773771,150.38666666666668
17069.0,United Kingdom,2143.55,9,795.9601982829055,238.17222222222225
14810.0,United Kingdom,2038.08,11,795.9012034010884,185.28
14525.0,United Kingdom,2118.56,9,795.8816548043208,235.39555555555555
15214.0,United Kingdom,1497.14,8,794.8421326539972,187.1425
16019.0,United Kingdom,1961.33,9,792.4235673696252,217.92555555555555
15203.0,United Kingdom,1757.4,6,789.4750710938846,292.90000000000003
18283.0,United Kingdom,2051.98,16,789.3334160044601,128.24875
14732.0,United Kingdom,2028.99,8,787.5637984269046,253.62375
17567.0,United Kingdom,2240.01,8,786.3261229864064,280.00125
17682.0,United Kingdom,2195.69,6,785.7970742280039,365.9483333333333
16710.0,United Kingdom,2137.4900000000002,10,784.6389795603338,213.74900000000002
17554.0,United Kingdom,895.41,5,782.5974665524677,179.082
12708.0,Germany,2064.86,10,782.5727931673847,206.48600000000002
17659.0,United Kingdom,2162.0,12,782.458240421788,180.16666666666666
15172.0,United Kingdom,1385.88,5,780.9524873689292,277.17600000000004
14709.0,United Kingdom,2077.2200000000003,13,775.8144868688231,159.78615384615387
17449.0,United Kingdom,2158.96,7,774.8103287007469,308.42285714285714
13742.0,United Kingdom,1833.06,12,774.7060170233835,152.755
16875.0,United Kingdom,1643.83,5,773.6207095589731,328.76599999999996
16771.0,United Kingdom,1823.39,5,768.0925653325744,364.678
16455.0,United Kingdom,1841.18,7,768.0320866928538,263.0257142857143
15241.0,United Kingdom,1297.09,8,767.9699191936709,162.13625
15750.0,United Kingdom,2173.58,8,765.0971724388586,271.6975
16607.0,United Kingdom,2035.07,12,764.5168790322809,169.58916666666667
14719.0,United Kingdom,1471.18,5,762.163178734264,294.236
15365.0,United Kingdom,1717.32,7,760.8290070362793,245.33142857142857
12779.0,Poland,1974.43,8,759.5023229084525,246.80375
12417.0,Belgium,2092.35,9,757.2509247671267,232.48333333333332
15271.0,United Kingdom,2113.82,15,756.4973067439571,140.92133333333334
14462.0,United Kingdom,1612.78,11,756.237829514685,146.61636363636364
16426.0,United Kingdom,1603.53,10,751.9004741884713,160.353
14107.0,United Kingdom,1829.27,7,750.8744149409185,261.32428571428574
17071.0,United Kingdom,1647.08,9,750.4113903514626,183.0088888888889
16743.0,United Kingdom,1926.01,7,749.8569652823461,275.14428571428573
13523.0,United Kingdom,1948.48,5,749.5201582941211,389.696
13552.0,United Kingdom,1457.19,12,748.8761605788713,121.4325
12935.0,United Kingdom,1851.55,7,748.0698588015428,264.50714285714287
14713.0,United Kingdom,2072.31,11,747.8914301858567,188.39181818181817
17346.0,United Kingdom,2142.51,15,743.9692160206517,142.834
13230.0,United Kingdom,2087.79,14,743.0421378948172,149.12785714285715
16938.0,United Kingdom,1737.19,4,741.5059789766545,434.2975
18075.0,United Kingdom,1949.7900000000002,10,741.1480503343925,194.979
15572.0,United Kingdom,1578.47,7,740.1497580290213,225.49571428571429
12408.0,Belgium,1311.77,5,739.1910153519352,262.354
15140.0,United Kingdom,1218.09,7,738.2056231056987,174.01285714285714
14963.0,United Kingdom,999.09,5,737.7159883227708,199.818
16316.0,United Kingdom,1684.02,7,735.9253222678362,240.5742857142857
14730.0,United Kingdom,1576.56,8,733.897238616582,197.07
13317.0,United Kingdom,1663.03,6,729.2329695466991,277.1716666666667
14401.0,United Kingdom,2019.44,13,728.8107810967117,155.34153846153848
16705.0,United Kingdom,2035.93,16,728.621908071276,127.245625
13995.0,United Kingdom,1308.99,5,728.0449285495017,261.798
17530.0,United Kingdom,2060.17,10,727.1692528479723,206.017
16128.0,United Kingdom,1498.27,5,726.403690322111,299.654
17768.0,United Kingdom,886.59,3,720.9407494183813,295.53000000000003
15981.0,United Kingdom,1289.28,7,720.2002068835337,184.18285714285713
17463.0,United Kingdom,1661.8600000000001,5,718.9055187345397,332.372
17422.0,United Kingdom,1565.3,6,718.2462810970987,260.8833333333333
17284.0,United Kingdom,1542.43,6,715.4174461400752,257.07166666666666
13650.0,United Kingdom,1397.49,6,715.333920699258,232.915
17954.0,United Kingdom,2036.16,11,714.7672548693984,185.10545454545456
15811.0,United Kingdom,1910.63,6,713.5953019161087,318.43833333333333
15738.0,United Kingdom,1966.13,16,713.5802147328718,122.883125
17663.0,United Kingdom,1453.3600000000001,7,712.6983346037571,207.62285714285716
15237.0,United Kingdom,1252.38,4,711.9697083872293,313.095
12727.0,France,1717.7,7,711.9007556447724,245.3857142857143
17512.0,United Kingdom,1390.31,8,711.6586904288298,173.78875
14299.0,United Kingdom,1981.93,8,711.2775756669282,247.74125
16348.0,United Kingdom,1147.95,7,709.0771158020708,163.99285714285716
13048.0,United Kingdom,1721.6100000000001,4,706.682393253284,430.40250000000003
15046.0,United Kingdom,1813.53,15,706.0649229487349,120.902
16407.0,United Kingdom,1646.6299999999999,9,705.1939876829073,182.95888888888888
15058.0,United Kingdom,1568.34,11,702.0889769409583,142.57636363636362
14766.0,United Kingdom,1960.22,6,701.5266913103479,326.7033333333333
12670.0,France,1214.17,5,699.5334191256795,242.834
13695.0,United Kingdom,1233.97,13,692.3137403126495,94.92076923076924
16115.0,United Kingdom,1519.47,8,689.8259480550031,189.93375
14701.0,United Kingdom,1639.13,9,688.2176472795263,182.12555555555556
14334.0,United Kingdom,1829.61,8,687.3315055729048,228.70125
15514.0,United Kingdom,1882.64,10,685.2142852730849,188.264
13769.0,United Kingdom,1946.3100000000002,10,683.2265911445362,194.63100000000003
14282.0,United Kingdom,1936.18,14,681.5326987424752,138.29857142857142
16841.0,United Kingdom,1328.3,6,679.9176000292127,221.38333333333333
14243.0,United Kingdom,1888.93,10,677.9016166083215,188.893
13870.0,United Kingdom,1508.94,8,677.8596300081974,188.6175
14060.0,United Kingdom,1877.8,16,677.6932638471087,117.3625
18229.0,United Kingdom,1907.54,18,677.0159729540288,105.97444444444444
14952.0,United Kingdom,1301.22,6,676.8424809435369,216.87
17211.0,United Kingdom,1798.93,8,673.8356381858099,224.86625
12395.0,Belgium,1844.57,12,673.265421024646,153.71416666666667
14040.0,United Kingdom,1524.46,12,673.0647972375976,127.03833333333334
16245.0,United Kingdom,1217.76,3,668.6204865981424,405.92
13991.0,United Kingdom,685.33,6,667.0519286205033,114.22166666666668
16143.0,United Kingdom,1898.27,6,666.3627793989336,316.37833333333333
13647.0,United Kingdom,1164.52,4,662.0218821851963,291.13
17191.0,United Kingdom,1752.46,7,660.279124959506,250.35142857142858
15493.0,United Kingdom,1225.2,5,658.6321394619405,245.04000000000002
16570.0,United Kingdom,1496.81,9,647.506390127355,166.3122222222222
18065.0,United Kingdom,1803.16,14,645.3178055030389,128.79714285714286
13184.0,United Kingdom,1378.41,10,641.6573379265508,137.841
17490.0,United Kingdom,877.73,6,640.7403980287681,146.28833333333333
14515.0,United Kingdom,997.08,6,637.3350158037599,166.18
13890.0,United Kingdom,1767.8600000000001,10,634.451860014499,176.786
16466.0,United Kingdom,1276.42,7,633.1806997487463,182.3457142857143
16880.0,United Kingdom,779.52,7,629.8889215338268,111.36
14032.0,United Kingdom,1720.01,10,629.589805957206,172.001
17228.0,United Kingdom,1749.03,8,629.4523723584948,218.62875
13993.0,United Kingdom,1409.96,8,628.9963661092353,176.245
16571.0,United Kingdom,1249.37,3,627.0251203343585,416.45666666666665
17790.0,United Kingdom,1653.5,14,626.6691753931359,118.10714285714286
12937.0,United Kingdom,1233.1200000000001,4,626.2080591226556,308.28000000000003
16293.0,United Kingdom,1676.14,10,622.397763872972,167.614
13700.0,United Kingdom,1456.42,10,621.6614981096939,145.642
14595.0,United Kingdom,1420.96,6,620.9667616356721,236.82666666666668
17738.0,United Kingdom,1271.11,4,620.9565593113707,317.7775
14051.0,United Kingdom,1763.21,18,618.9517383006599,97.95611111111111
16782.0,United Kingdom,1703.9,13,614.9331943066827,131.06923076923078
17838.0,United Kingdom,1654.5,5,614.3622253080482,330.9
14825.0,United Kingdom,1741.69,12,613.072486066782,145.14083333333335
15906.0,United Kingdom,1120.59,7,610.0544110721382,160.0842857142857
15106.0,United Kingdom,1195.85,5,609.6913018093555,239.17
17861.0,United Kingdom,1502.4,8,608.9198683387585,187.8
14776.0,United Kingdom,1239.54,11,607.8453333480631,112.68545454545455
15134.0,United Kingdom,1065.25,8,605.5875467984923,133.15625
12919.0,United Kingdom,762.41,6,604.654656220781,127.06833333333333
14948.0,United Kingdom,927.11,6,604.6427800999559,154.51833333333335
16791.0,United Kingdom,1430.38,7,604.5213973519183,204.34
12388.0,Australia,1465.66,6,603.5489150494144,244.27666666666667
17858.0,United Kingdom,1707.41,9,602.6570884952001,189.71222222222224
13012.0,United Kingdom,1341.15,7,602.4834935686602,191.59285714285716
14759.0,United Kingdom,1073.07,3,602.0414639880182,357.69
13450.0,United Kingdom,898.68,6,601.3643517848529,149.78
15218.0,United Kingdom,1445.1000000000001,9,600.8599450166029,160.5666666666667
17405.0,United Kingdom,701.1600000000001,3,600.5645669078631,233.72000000000003
14180.0,United Kingdom,1690.52,25,599.9921588004681,67.6208
17162.0,United Kingdom,1293.26,10,599.8461948970869,129.326
13126.0,United Kingdom,1689.97,8,599.7969551428123,211.24625
16905.0,United Kingdom,1712.8500000000001,7,599.6351735233462,244.69285714285715
13725.0,United Kingdom,1203.52,7,597.0179374826554,171.93142857142857
13680.0,United Kingdom,1569.63,4,596.6428252511155,392.4075
18198.0,United Kingdom,1545.88,16,596.4380986485764,96.6175
16912.0,United Kingdom,1368.68,11,596.0926093191724,124.42545454545456
16422.0,United Kingdom,1632.5400000000002,33,595.8747732206291,49.470909090909096
13756.0,United Kingdom,1663.16,12,595.2143799776138,138.59666666666666
14215.0,United Kingdom,1650.47,6,593.9819540010892,275.0783333333333
14834.0,United Kingdom,1028.2,6,592.3884312287603,171.36666666666667
18221.0,United Kingdom,874.22,5,591.1544579683653,174.844
15187.0,United Kingdom,969.1999999999999,9,590.1532216285669,107.68888888888888
17063.0,United Kingdom,1235.1000000000001,7,589.9071686419661,176.44285714285715
16992.0,United Kingdom,1262.56,5,589.8657286848224,252.512
15984.0,United Kingdom,1679.98,9,589.7349387255873,186.66444444444446
14290.0,United Kingdom,1608.14,5,588.6410838030135,321.62800000000004
17685.0,United Kingdom,1629.0,7,587.9019740158378,232.71428571428572
15073.0,United Kingdom,814.45,3,587.865884269121,271.48333333333335
12524.0,Germany,1484.01,8,586.6611085828788,185.50125
13014.0,United Kingdom,1235.88,9,585.9234035917785,137.32000000000002
13426.0,United Kingdom,1636.07,10,585.5193671384442,163.607
14309.0,United Kingdom,1597.73,9,584.8306234684721,177.52555555555557
17634.0,United Kingdom,1373.3700000000001,9,584.2711542921769,152.5966666666667
17827.0,United Kingdom,1628.29,5,581.1163397384362,325.658
14397.0,United Kingdom,948.02,16,577.2565591914093,59.25125
16618.0,United Kingdom,1308.68,4,575.8169515426655,327.17
14696.0,United Kingdom,1648.74,7,574.0631112366117,235.53428571428572
13309.0,United Kingdom,1349.28,5,574.0225744434117,269.856
17705.0,United Kingdom,1335.12,9,573.6974842335039,148.34666666666666
14135.0,United Kingdom,1657.54,14,572.4728699770216,118.39571428571428
12712.0,Germany,1513.23,12,566.8193330323654,126.1025
18219.0,United Kingdom,1616.92,10,566.0519629701195,161.692
18177.0,United Kingdom,987.82,6,564.0649689875115,164.63666666666668
14005.0,United Kingdom,908.3,5,563.7581078089353,181.66
13113.0,United Kingdom,1605.17,24,563.4738696854432,66.88208333333334
14292.0,United Kingdom,1208.93,9,562.7634778763539,134.32555555555555
15436.0,United Kingdom,965.93,3,559.0189270457143,321.97666666666663
18188.0,United Kingdom,1200.6,3,558.8858176555717,400.2
15434.0,United Kingdom,833.86,5,557.9891378236052,166.772
17696.0,United Kingdom,1419.03,8,557.5420871227712,177.37875
16059.0,United Kingdom,1310.21,6,557.401071135348,218.36833333333334
18230.0,United Kingdom,1272.1000000000001,7,555.9141830007451,181.72857142857146
12782.0,Portugal,1526.17,5,555.4718298534101,305.23400000000004
14482.0,United Kingdom,953.87,6,554.5372807896398,158.97833333333332
17218.0,United Kingdom,1563.63,10,551.907686662108,156.363
15021.0,United Kingdom,1537.17,9,551.6615374851443,170.79666666666668
17410.0,United Kingdom,858.57,5,551.5432143270624,171.714
12726.0,France,1411.5,7,549.5418541419989,201.64285714285714
16332.0,United Kingdom,1186.7,7,548.4410814618928,169.52857142857144
14030.0,United Kingdom,1489.75,8,548.430752463451,186.21875
14583.0,United Kingdom,857.04,5,547.8212399651525,171.408
13590.0,United Kingdom,1244.7,6,547.665861467399,207.45000000000002
16003.0,United Kingdom,1404.77,5,546.9216510400679,280.954
13232.0,United Kingdom,982.16,7,546.2659050292046,140.3085714285714
15351.0,United Kingdom,1517.55,7,544.6202867676188,216.79285714285714
14649.0,United Kingdom,876.96,4,541.6893309584772,219.24
14733.0,United Kingdom,1481.44,12,540.7234885760646,123.45333333333333
14859.0,United Kingdom,807.34,4,540.2429071193119,201.835
15394.0,United Kingdom,1457.69,4,536.6283091515005,364.4225
17744.0,United Kingdom,1472.26,6,532.831623054293,245.37666666666667
16434.0,United Kingdom,1123.65,7,532.7158239035358,160.52142857142857
15189.0,United Kingdom,1363.5600000000002,28,532.4908957987852,48.698571428571434
14653.0,United Kingdom,1394.25,7,529.9779305354559,199.17857142857142
15737.0,United Kingdom,907.25,6,529.8319311055565,151.20833333333334
12963.0,United Kingdom,1474.41,8,529.1381483397878,184.30125
12423.0,Belgium,1449.69,8,527.635818434506,181.21125
15747.0,United Kingdom,658.49,3,525.4811480945491,219.49666666666667
17491.0,United Kingdom,1499.98,10,525.1135636988347,149.998
14587.0,United Kingdom,1279.18,9,525.0747752404644,142.13111111111112
13090.0,United Kingdom,1489.45,11,524.2843527678107,135.40454545454546
16496.0,United Kingdom,1259.63,3,523.7431406416605,419.8766666666667
13717.0,United Kingdom,1088.32,6,523.6959086236271,181.38666666666666
13021.0,United Kingdom,1445.79,9,523.2517573632824,160.64333333333332
13758.0,United Kingdom,1473.74,7,523.0535244247935,210.53428571428572
15671.0,United Kingdom,1001.31,6,522.9585628228209,166.885
18161.0,United Kingdom,1241.42,5,522.9410452262898,248.28400000000002
17673.0,United Kingdom,1293.75,6,521.066930848482,215.625
15907.0,United Kingdom,834.1,3,517.704104066314,278.03333333333336
12826.0,United Kingdom,1460.8,7,517.0326477510271,208.68571428571428
14031.0,United Kingdom,1468.53,14,515.5081903157696,104.895
15932.0,United Kingdom,1143.25,8,513.581071485196,142.90625
13313.0,United Kingdom,1269.1200000000001,5,512.7544053372654,253.824
16168.0,United Kingdom,1435.77,20,512.4083591413412,71.7885
16877.0,United Kingdom,779.87,6,511.21074667493633,129.97833333333332
12523.0,France,1238.31,11,508.298554486483,112.57363636363635
14524.0,United Kingdom,1293.28,9,503.51504720139184,143.6977777777778
16987.0,United Kingdom,794.64,6,502.93078097709474,132.44
14748.0,United Kingdom,1330.09,5,502.6155762038535,266.018
14621.0,United Kingdom,1390.52,5,499.03159774380373,278.104
16094.0,United Kingdom,802.93,4,495.9617479776615,200.7325
12647.0,Germany,1338.61,11,495.63095456750796,121.69181818181818
18097.0,United Kingdom,1329.22,6,492.15423269676967,221.53666666666666
17372.0,United Kingdom,1232.8,8,491.89293639308124,154.1
14129.0,United Kingdom,993.0600000000001,5,490.7225022820886,198.61200000000002
15950.0,United Kingdom,1243.46,4,487.07047856882343,310.865
14446.0,United Kingdom,928.45,4,484.90565124971096,232.1125
18179.0,United Kingdom,1233.24,5,483.0672454202112,246.648
18044.0,United Kingdom,1334.46,10,480.2542053695575,133.446
15157.0,United Kingdom,1315.13,3,475.96406370300934,438.3766666666667
15024.0,United Kingdom,1320.98,8,474.0749935186908,165.1225
13149.0,United Kingdom,1013.28,4,473.40256745165124,253.32
16809.0,United Kingdom,882.59,5,472.4780017285738,176.518
13327.0,United Kingdom,1201.84,8,472.20734021664896,150.23
16326.0,United Kingdom,1207.46,14,471.53147425943945,86.24714285714286
18236.0,United Kingdom,774.09,6,471.3492646826841,129.01500000000001
15910.0,United Kingdom,1157.53,8,470.62934709068384,144.69125
15660.0,United Kingdom,1248.44,8,470.3781374550322,156.055
14071.0,United Kingdom,952.72,8,467.1946092803513,119.09
16719.0,United Kingdom,1284.17,7,466.072082900679,183.45285714285714
12747.0,United Kingdom,1328.29,11,465.0082637938673,120.75363636363636
17293.0,United Kingdom,1276.11,8,464.45884586529354,159.51375
13777.0,United Kingdom,1305.59,17,459.5658854813024,76.79941176470588
14506.0,United Kingdom,1258.3700000000001,5,459.3032565068194,251.67400000000004
13435.0,United Kingdom,655.62,7,457.7920037123263,93.66
16191.0,United Kingdom,1272.4,11,456.6405409265713,115.67272727272729
15111.0,United Kingdom,1220.88,3,455.98270319388837,406.96000000000004
14883.0,United Kingdom,687.1899999999999,6,455.10219816889713,114.53166666666665
14408.0,United Kingdom,899.41,7,454.94388022228054,128.48714285714286
16016.0,United Kingdom,1281.31,8,452.25842302656343,160.16375
12910.0,United Kingdom,766.0,6,449.3849119027639,127.66666666666667
17042.0,United Kingdom,847.72,5,444.5495522805361,169.544
14209.0,United Kingdom,1098.55,6,438.32656170880875,183.09166666666667
17109.0,United Kingdom,695.02,6,437.7246123360102,115.83666666666666
12483.0,Sweden,1095.52,7,435.764272415951,156.50285714285715
14321.0,United Kingdom,1095.0,5,435.5574323567496,219.0
17054.0,United Kingdom,729.88,5,432.1410886068634,145.976
17348.0,United Kingdom,951.08,5,430.2615537120456,190.216
15527.0,United Kingdom,1123.28,8,429.51919899846104,140.41
16657.0,United Kingdom,815.65,4,427.731848154602,203.9125
13110.0,United Kingdom,931.62,7,427.47882220384554,133.08857142857144
15145.0,United Kingdom,814.73,4,427.24939452828903,203.6825
16817.0,United Kingdom,1215.1100000000001,9,426.54842402579106,135.01222222222225
17323.0,United Kingdom,921.07,7,425.6784586686657,131.58142857142857
12877.0,United Kingdom,1175.71,11,425.5060027041167,106.88272727272728
16985.0,United Kingdom,1128.38,9,423.89969679787197,125.37555555555556
17389.0,United Kingdom,1082.78,23,422.84204006645007,47.07739130434783
13549.0,United Kingdom,709.25,7,419.9266551959471,101.32142857142857
17629.0,United Kingdom,1159.12,8,419.50184812104663,144.89
13203.0,United Kingdom,759.08,4,418.5674574179778,189.77
13610.0,United Kingdom,891.78,7,418.15856570927576,127.39714285714285
12528.0,Germany,983.03,6,415.45789876735995,163.83833333333334
17676.0,United Kingdom,1167.7,6,413.29341646965656,194.61666666666667
13576.0,United Kingdom,1166.94,16,413.0244235806295,72.93375
16983.0,United Kingdom,1140.68,7,410.51538973138713,162.95428571428573
16775.0,United Kingdom,1141.6100000000001,11,409.70245828920395,103.78272727272729
16353.0,United Kingdom,1001.4,10,408.4424432040062,100.14
14673.0,United Kingdom,1153.68,5,406.0937742798804,230.73600000000002
17596.0,United Kingdom,1076.78,7,399.83859593061356,153.82571428571427
15680.0,United Kingdom,1108.39,3,398.894653035358,369.46333333333337
16531.0,United Kingdom,1050.32,7,398.0666273352999,150.04571428571427
17450.0,United Kingdom,998.28,5,397.08518134529317,199.656
15373.0,United Kingdom,1104.51,9,389.85409527520244,122.72333333333333
12951.0,United Kingdom,979.12,6,389.4639207024116,163.18666666666667
17522.0,United Kingdom,649.76,5,384.7043263730963,129.952
15916.0,United Kingdom,1048.76,7,383.88649187834915,149.82285714285715
14878.0,United Kingdom,1025.24,9,380.70034927459864,113.91555555555556
12429.0,Denmark,1049.34,4,377.64335226420525,262.335
14794.0,United Kingdom,974.46,6,377.1028070022493,162.41
17412.0,United Kingdom,1085.14,7,376.8060616158851,155.02
17019.0,United Kingdom,1045.81,4,375.321631646037,261.4525
14419.0,United Kingdom,1032.21,6,373.5713322598399,172.035
14217.0,United Kingdom,1057.65,17,372.2913462720299,62.214705882352945
15392.0,United Kingdom,1030.33,4,371.84348734667776,257.5825
18016.0,United Kingdom,955.5,5,369.7655440866215,191.1
15291.0,United Kingdom,957.0600000000001,10,369.2570229853588,95.706
12584.0,Italy,794.6,8,368.5552684419415,99.325
12619.0,Germany,681.02,8,367.63490731169463,85.1275
14487.0,United Kingdom,977.18,6,367.0982343864163,162.86333333333332
17188.0,United Kingdom,1001.11,7,365.40372316690804,143.0157142857143
14723.0,United Kingdom,1028.28,6,364.95275835325543,171.38
17655.0,United Kingdom,1004.64,7,362.57203141514503,143.52
17302.0,United Kingdom,818.98,5,361.58810834108317,163.796
13630.0,United Kingdom,787.74,7,360.17238434163704,112.53428571428572
17754.0,United Kingdom,720.56,5,356.06610501317317,144.112
16210.0,United Kingdom,1030.82,14,355.0649770766488,73.63
15854.0,United Kingdom,986.71,11,354.11174798621283,89.7009090909091
12820.0,United Kingdom,885.82,4,351.26453455063046,221.455
14655.0,United Kingdom,587.73,4,351.2151420590315,146.9325
12494.0,France,951.75,7,349.3724643373993,135.96428571428572
16638.0,United Kingdom,943.09,10,349.1865419674671,94.309
15061.0,United Kingdom,952.92,20,346.8291318161879,47.646
13138.0,United Kingdom,946.49,6,346.4517389087482,157.74833333333333
15712.0,United Kingdom,743.3000000000001,4,342.28964550190454,185.82500000000002
16979.0,United Kingdom,772.53,6,336.45514179891586,128.755
12676.0,Sweden,749.39,6,335.47474299564175,124.89833333333333
12599.0,France,719.38,7,334.8752952732511,102.76857142857143
17519.0,United Kingdom,912.0,6,332.8787001710302,152.0
14741.0,United Kingdom,934.34,6,331.61197362564735,155.72333333333333
14901.0,United Kingdom,933.31,8,331.24641041221923,116.66375
14466.0,United Kingdom,876.15,7,327.23055943526407,125.16428571428571
12724.0,France,834.01,4,326.68654386243577,208.5025
13956.0,United Kingdom,678.54,5,326.51115649576957,135.708
13064.0,United Kingdom,789.12,4,321.8594974846668,197.28
13305.0,United Kingdom,910.21,10,316.9195776645659,91.021
14577.0,United Kingdom,859.71,4,314.68692163386817,214.9275
17961.0,United Kingdom,858.24,37,314.1488451024776,23.195675675675677
13782.0,United Kingdom,766.56,6,311.6684943853158,127.75999999999999
15953.0,United Kingdom,861.0699999999999,8,311.63335665124373,107.63374999999999
13884.0,United Kingdom,670.45,4,310.97140665353595,167.6125
17516.0,United Kingdom,654.91,5,310.4889602924974,130.982
13509.0,United Kingdom,662.6800000000001,5,308.48113746792797,132.536
14931.0,Channel Islands,567.6800000000001,4,307.74363544955133,141.92000000000002
13117.0,United Kingdom,840.7,8,307.72853057146364,105.0875
14898.0,United Kingdom,821.12,6,303.1525449817301,136.85333333333332
14293.0,United Kingdom,862.0600000000001,4,302.6148533183608,215.51500000000001
14428.0,United Kingdom,740.26,5,299.08249503196237,148.052
16899.0,United Kingdom,812.11,6,295.57927867947404,135.35166666666666
17288.0,United Kingdom,799.45,6,293.4655283577976,133.24166666666667
14188.0,United Kingdom,637.26,6,292.4101610502378,106.21
14083.0,United Kingdom,835.63,8,291.74272601669503,104.45375
16833.0,United Kingdom,749.88,4,288.4557071674307,187.47
16996.0,United Kingdom,717.58,6,284.55036542733444,119.59666666666668
14441.0,United Kingdom,563.64,4,283.9850369739792,140.91
17097.0,Spain,799.72,8,282.2736933784981,99.965
14897.0,United Kingdom,632.08,4,280.0321423890082,158.02
16525.0,United Kingdom,774.49,18,272.6194154722493,43.02722222222222
17236.0,United Kingdom,739.98,6,270.8611372097914,123.33
14440.0,United Kingdom,752.1800000000001,4,269.94332134089,188.04500000000002
16892.0,United Kingdom,375.34,5,263.5163655534731,75.068
17287.0,United Kingdom,709.51,7,262.70169696565284,101.35857142857142
16701.0,United Kingdom,713.39,10,259.6486949023531,71.339
12901.0,United Kingdom,516.25,13,254.12850959148184,39.71153846153846
16600.0,United Kingdom,658.1,6,252.39509802651006,109.68333333333334
13854.0,United Kingdom,651.39,16,250.56964193176606,40.711875
15093.0,United Kingdom,684.38,6,248.38643800709147,114.06333333333333
17618.0,United Kingdom,685.93,3,246.85698116776862,228.64333333333332
16672.0,United Kingdom,509.1,9,246.826085246976,56.56666666666667
16949.0,United Kingdom,587.72,6,241.2459129319765,97.95333333333333
16954.0,United Kingdom,672.21,7,240.57159766032845,96.03
13694.0,United Kingdom,663.09,16,239.98160714212923,41.443125
12600.0,Germany,603.92,9,235.12526854653635,67.10222222222222
16891.0,United Kingdom,653.7,5,226.992021746783,130.74
14543.0,United Kingdom,593.19,16,226.15060416460906,37.074375
13495.0,United Kingdom,622.62,5,221.5897652043889,124.524
15525.0,United Kingdom,636.12,3,219.6999421128799,212.04
15862.0,United Kingdom,616.73,4,216.49497539270195,154.1825
17135.0,United Kingdom,596.17,5,215.15624300124122,119.234
16539.0,United Kingdom,617.21,4,213.7434801965458,154.3025
15465.0,United Kingdom,577.19,17,211.8773760871064,33.95235294117647
17812.0,United Kingdom,579.61,4,209.17978094494765,144.9025
17090.0,United Kingdom,567.34,5,208.26159592033636,113.468
16062.0,United Kingdom,571.52,4,206.26012043556267,142.88
13743.0,United Kingdom,409.2,7,204.56735684481413,58.457142857142856
13199.0,United Kingdom,548.34,14,200.71352736238413,39.167142857142856
17884.0,United Kingdom,559.6,4,195.3726284108308,139.9
15611.0,United Kingdom,480.39000000000004,10,189.32596992000572,48.039
17114.0,United Kingdom,442.17,8,172.1508477831865,55.27125
14289.0,United Kingdom,373.06,6,170.57139373713548,62.17666666666667
16359.0,United Kingdom,429.36,8,169.73525352332183,53.67
15694.0,United Kingdom,481.0,9,169.31133887093685,53.44444444444444
14062.0,United Kingdom,456.93,6,165.36940046065104,76.155
15602.0,United Kingdom,395.9,6,141.29175939325725,65.98333333333333
